<?xml version="1.0" encoding="UTF-8"?>
<project-private xmlns="http://www.netbeans.org/ns/project-private/1">
    <editor-bookmarks xmlns="http://www.netbeans.org/ns/editor-bookmarks/2" lastBookmarkId="0"/>
    <open-files xmlns="http://www.netbeans.org/ns/projectui-open-files/2">
        <group>
            <file>file:/C:/Users/Admin/Documents/NetBeansProjects/PMS/src/pms/Display.java</file>
            <file>file:/C:/Users/Admin/Documents/NetBeansProjects/PMS/src/pms/SearchbyCompany.java</file>
            <file>file:/C:/Users/Admin/Documents/NetBeansProjects/PMS/src/pms/ledger.java</file>
            <file>file:/C:/Users/Admin/Documents/NetBeansProjects/PMS/src/pms/Searchbyeno.java</file>
            <file>file:/C:/Users/Admin/Documents/NetBeansProjects/PMS/src/pms/Delete.java</file>
            <file>file:/C:/Users/Admin/Documents/NetBeansProjects/PMS/src/pms/Home.java</file>
            <file>file:/C:/Users/Admin/Documents/NetBeansProjects/PMS/src/pms/placement_eligibility.java</file>
            <file>file:/C:/Users/Admin/Documents/NetBeansProjects/PMS/src/pms/Insert.java</file>
            <file>file:/C:/Users/Admin/Documents/NetBeansProjects/PMS/src/pms/SearchbyBranch.java</file>
            <file>file:/C:/Users/Admin/Documents/NetBeansProjects/PMS/src/pms/Search.java</file>
            <file>file:/C:/Users/Admin/Documents/NetBeansProjects/PMS/src/pms/PMS.java</file>
        </group>
    </open-files>
</project-private>
